Provider Name,Weekly Due Day/Time,Assigned Staff,Assignment Effective Date,WT5 Status (Missing Notes),WT6 Status (Detailed Notes),Work Status,Barrier / Note
A New Horizon,Friday @ 5:00 PM,Kristin Williams,11/01/2026,Pending Review,Pending Review,Scheduled,Active Weekly Track
A Peace of Mind & Faith,Friday @ 5:00 PM,Jerry Burton,11/01/2026,Pending Review,Pending Review,Scheduled,Active Weekly Track
A Safe Haven,Friday @ 5:00 PM,Terri Thomasson,11/01/2026,Pending Review,Pending Review,Scheduled,Active Weekly Track
A Touch of Loving Care,Friday @ 5:00 PM,Shalette Shaw,11/01/2026,Pending Review,Pending Review,Scheduled,Active Weekly Track
Believe-N-U Residential Services,Friday @ 5:00 PM,Denna Smith,11/01/2026,Pending Review,Pending Review,Scheduled,Active Weekly Track
Connected Care,Friday @ 5:00 PM,Mohammed,10/26/2026 (Starts Post-Training),Pending Review,Pending Review,Scheduled,Assigned for 10/26/2026 Start
Consolidated Care,Friday @ 5:00 PM,Kristin Williams,11/01/2026,Pending Review,Pending Review,Scheduled,Active Weekly Track
CRE8FOR LIFE,Friday @ 5:00 PM,Jerry Burton,11/01/2026,Pending Review,Pending Review,Scheduled,Active Weekly Track
Dynasty Wellness,Friday @ 5:00 PM,Terri Thomasson,11/01/2026,Pending Review,Pending Review,Scheduled,Active Weekly Track
Extraordinary Changes,Friday @ 5:00 PM,Shalette Shaw,11/01/2026,Pending Review,Pending Review,Scheduled,Active Weekly Track
Family Care,Friday @ 5:00 PM,Denna Smith,11/01/2026,Pending Review,Pending Review,Scheduled,Active Weekly Track
Family Love,Friday @ 5:00 PM,Mohammed,10/26/2026 (Starts Post-Training),Pending Review,Pending Review,Scheduled,Assigned for 10/26/2026 Start
Foundation For Care,Friday @ 5:00 PM,Kristin Williams,11/01/2026,Pending Review,Pending Review,Scheduled,Active Weekly Track
FOUNDATION OF LIFE,Friday @ 5:00 PM,Jerry Burton,11/01/2026,Pending Review,Pending Review,Scheduled,Active Weekly Track
Healthkeepers Services,Friday @ 5:00 PM,Terri Thomasson,11/01/2026,Pending Review,Pending Review,Scheduled,Active Weekly Track
Heartfelt Care Services,Friday @ 5:00 PM,Shalette Shaw,11/01/2026,Pending Review,Pending Review,Scheduled,Active Weekly Track
Heartfelt In-Home Support Services,Friday @ 5:00 PM,Denna Smith,11/01/2026,Pending Review,Pending Review,Scheduled,Active Weekly Track
Homecare Attendants,Friday @ 5:00 PM,Mohammed,10/26/2026 (Starts Post-Training),Pending Review,Pending Review,Scheduled,Assigned for 10/26/2026 Start
House of Angels,Friday @ 5:00 PM,Kristin Williams,11/01/2026,Pending Review,Pending Review,Scheduled,Active Weekly Track
Impact Community Services,Friday @ 5:00 PM,Stephanie Eatton-Johnson,11/01/2026,Pending Review,Pending Review,Scheduled,Dedicated Provider Assignment
In His Hands,Friday @ 5:00 PM,Jerry Burton,11/01/2026,Pending Review,Pending Review,Scheduled,Active Weekly Track
Inclusive Living Solutions,Friday @ 5:00 PM,Terri Thomasson,11/01/2026,Pending Review,Pending Review,Scheduled,Active Weekly Track
Infinity Care,Friday @ 5:00 PM,Shalette Shaw,11/01/2026,Pending Review,Pending Review,Scheduled,Active Weekly Track
Inspire Family Services,Friday @ 5:00 PM,Denna Smith,11/01/2026,Pending Review,Pending Review,Scheduled,Active Weekly Track
Karemore,Friday @ 5:00 PM,Mohammed,10/26/2026 (Starts Post-Training),Pending Review,Pending Review,Scheduled,Assigned for 10/26/2026 Start
Noble Care,Friday @ 5:00 PM,Kristin Williams,11/01/2026,Pending Review,Pending Review,Scheduled,Active Weekly Track
Nurturing Hearts Support Services,Friday @ 5:00 PM,Jerry Burton,11/01/2026,Pending Review,Pending Review,Scheduled,Active Weekly Track
Person2Person,Friday @ 5:00 PM,Terri Thomasson,11/01/2026,Pending Review,Pending Review,Scheduled,Active Weekly Track
Pheobe Care Residential Services,Friday @ 5:00 PM,Shalette Shaw,11/01/2026,Pending Review,Pending Review,Scheduled,Active Weekly Track
Powerful Expressions,Friday @ 5:00 PM,Denna Smith,11/01/2026,Pending Review,Pending Review,Scheduled,Active Weekly Track
Redleaf Residential Services,Friday @ 5:00 PM,Mohammed,10/26/2026 (Starts Post-Training),Pending Review,Pending Review,Scheduled,Assigned for 10/26/2026 Start
Safeway Residential,Friday @ 5:00 PM,Kristin Williams,11/01/2026,Pending Review,Pending Review,Scheduled,Active Weekly Track
Serenity Wellness Mental Health Center,Friday @ 5:00 PM,Jerry Burton,11/01/2026,Pending Review,Pending Review,Scheduled,Active Weekly Track
Solid Rock Supportive Services,Friday @ 5:00 PM,Terri Thomasson,11/01/2026,Pending Review,Pending Review,Scheduled,Active Weekly Track
The Altruistic Group,Friday @ 5:00 PM,Shalette Shaw,11/01/2026,Pending Review,Pending Review,Scheduled,Active Weekly Track
Thorough Care Development Services,Friday @ 5:00 PM,Denna Smith,11/01/2026,Pending Review,Pending Review,Scheduled,Active Weekly Track
Truu Life,Friday @ 5:00 PM,Mohammed,10/26/2026 (Starts Post-Training),Pending Review,Pending Review,Scheduled,Assigned for 10/26/2026 Start
TyShaes Unique Engaging Hands,Friday @ 5:00 PM,Kristin Williams,11/01/2026,Pending Review,Pending Review,Scheduled,Active Weekly Track
Unitus Family Services,Friday @ 5:00 PM,Jerry Burton,11/01/2026,Pending Review,Pending Review,Scheduled,Active Weekly Track
Unity Youth Services,Friday @ 5:00 PM,Terri Thomasson,11/01/2026,Pending Review,Pending Review,Scheduled,Active Weekly Track
Utopia C&C,Friday @ 5:00 PM,Shalette Shaw,11/01/2026,Pending Review,Pending Review,Scheduled,Active Weekly Track
VARTS,Friday @ 5:00 PM,Denna Smith,11/01/2026,Pending Review,Pending Review,Scheduled,Active Weekly Track
Vision Beyond Behaviors,Friday @ 5:00 PM,Mohammed,10/26/2026 (Starts Post-Training),Pending Review,Pending Review,Scheduled,Assigned for 10/26/2026 Start
WeCare II,Friday @ 5:00 PM,Kristin Williams,11/01/2026,Pending Review,Pending Review,Scheduled,Active Weekly Track
Alpha Health Care,Friday @ 5:00 PM,Jerry Burton,11/01/2026,Pending Review,Pending Review,Scheduled,Active Weekly Track
Beacon Behavioral Services,Friday @ 5:00 PM,Terri Thomasson,11/01/2026,Pending Review,Pending Review,Scheduled,Active Weekly Track
Chesapeake Care Partners,Friday @ 5:00 PM,Shalette Shaw,11/01/2026,Pending Review,Pending Review,Scheduled,Active Weekly Track
Dominion Supportive Living,Friday @ 5:00 PM,Denna Smith,11/01/2026,Pending Review,Pending Review,Scheduled,Active Weekly Track
Graceful Living,Friday @ 5:00 PM,Mohammed,10/26/2026 (Starts Post-Training),Pending Review,Pending Review,Scheduled,Assigned for 10/26/2026 Start
Hampton Roads Care,Friday @ 5:00 PM,Kristin Williams,11/01/2026,Pending Review,Pending Review,Scheduled,Active Weekly Track
Tidewater Support Services,Friday @ 5:00 PM,Jerry Burton,11/01/2026,Pending Review,Pending Review,Scheduled,Active Weekly Track
Virginia Care Network,Friday @ 5:00 PM,Terri Thomasson,11/01/2026,Pending Review,Pending Review,Scheduled,Active Weekly Track